<?xml version="1.0" encoding="utf-8"?>
<AppSettings xmlns:xsi="http://www.w3.org/2001/XMLSchema-instance" xmlns:xsd="http://www.w3.org/2001/XMLSchema">
  <AppIsSingleInstance>false</AppIsSingleInstance>
  <WindowLocation>
    <X>0</X>
    <Y>0</Y>
  </WindowLocation>
  <WindowSize>
    <Width>800</Width>
    <Height>600</Height>
  </WindowSize>
  <WindowState>Normal</WindowState>
  <MainWindowSelectedTabIndex>0</MainWindowSelectedTabIndex>
  <GameSetups>
    <GameSetup>
      <GameName>Left 4 Dead 2</GameName>
      <GameEngine>Source</GameEngine>
      <GamePathFileName>C:\Program Files (x86)\Steam\steamapps\common\left 4 dead 2\left4dead2\gameinfo.txt</GamePathFileName>
      <GameAppPathFileName>C:\Program Files (x86)\Steam\steamapps\common\left 4 dead 2\left4dead2.exe</GameAppPathFileName>
      <GameAppOptions />
      <CompilerPathFileName>C:\Program Files (x86)\Steam\steamapps\common\left 4 dead 2\bin\studiomdl.exe</CompilerPathFileName>
      <ViewerPathFileName>C:\Program Files (x86)\Steam\steamapps\common\left 4 dead 2\bin\hlmv.exe</ViewerPathFileName>
      <MappingToolPathFileName>C:\Program Files (x86)\Steam\steamapps\common\left 4 dead 2\bin\hammer.exe</MappingToolPathFileName>
      <PackerPathFileName>C:\Program Files (x86)\Steam\steamapps\common\left 4 dead 2\bin\vpk.exe</PackerPathFileName>
    </GameSetup>
  </GameSetups>
  <SteamAppPathFileName>C:\Program Files (x86)\Steam\Steam.exe</SteamAppPathFileName>
  <SteamLibraryPaths>
    <SteamLibraryPath>
      <Macro>&lt;library1&gt;</Macro>
      <LibraryPath>C:\Program Files (x86)\Steam</LibraryPath>
      <UseCount>0</UseCount>
    </SteamLibraryPath>
  </SteamLibraryPaths>
  <SetUpGamesGameSetupSelectedIndex>0</SetUpGamesGameSetupSelectedIndex>
  <UnpackPackagePathFolderOrFileName />
  <UnpackOutputFolderOption>WorkFolder</UnpackOutputFolderOption>
  <UnpackOutputSubfolderName>unpacked 0.58</UnpackOutputSubfolderName>
  <UnpackOutputFullPath>C:\Users\david_000\OneDrive\Documents\Salon</UnpackOutputFullPath>
  <UnpackGameSetupSelectedIndex>0</UnpackGameSetupSelectedIndex>
  <UnpackLogFileIsChecked>false</UnpackLogFileIsChecked>
  <UnpackMode>File</UnpackMode>
  <PreviewMdlPathFileName />
  <PreviewGameSetupSelectedIndex>0</PreviewGameSetupSelectedIndex>
  <DecompileMdlPathFileName />
  <DecompileOutputFolderOption>WorkFolder</DecompileOutputFolderOption>
  <DecompileOutputSubfolderName>decompiled 0.58</DecompileOutputSubfolderName>
  <DecompileOutputFullPath>C:\Users\david_000\OneDrive\Documents\Salon</DecompileOutputFullPath>
  <DecompileQcFileIsChecked>true</DecompileQcFileIsChecked>
  <DecompileGroupIntoQciFilesIsChecked>false</DecompileGroupIntoQciFilesIsChecked>
  <DecompileQcSkinFamilyOnSingleLineIsChecked>true</DecompileQcSkinFamilyOnSingleLineIsChecked>
  <DecompileQcOnlyChangedMaterialsInTextureGroupLinesIsChecked>true</DecompileQcOnlyChangedMaterialsInTextureGroupLinesIsChecked>
  <DecompileQcIncludeDefineBoneLinesIsChecked>true</DecompileQcIncludeDefineBoneLinesIsChecked>
  <DecompileQcUseMixedCaseForKeywordsIsChecked>false</DecompileQcUseMixedCaseForKeywordsIsChecked>
  <DecompileReferenceMeshSmdFileIsChecked>true</DecompileReferenceMeshSmdFileIsChecked>
  <DecompileBoneAnimationSmdFilesIsChecked>true</DecompileBoneAnimationSmdFilesIsChecked>
  <DecompileBoneAnimationPlaceInSubfolderIsChecked>true</DecompileBoneAnimationPlaceInSubfolderIsChecked>
  <DecompileTextureBmpFilesIsChecked>true</DecompileTextureBmpFilesIsChecked>
  <DecompileLodMeshSmdFilesIsChecked>true</DecompileLodMeshSmdFilesIsChecked>
  <DecompilePhysicsMeshSmdFileIsChecked>true</DecompilePhysicsMeshSmdFileIsChecked>
  <DecompileVertexAnimationVtaFileIsChecked>true</DecompileVertexAnimationVtaFileIsChecked>
  <DecompileProceduralBonesVrdFileIsChecked>true</DecompileProceduralBonesVrdFileIsChecked>
  <DecompileDeclareSequenceQciFileIsChecked>false</DecompileDeclareSequenceQciFileIsChecked>
  <DecompileFolderForEachModelIsChecked>false</DecompileFolderForEachModelIsChecked>
  <DecompileLogFileIsChecked>false</DecompileLogFileIsChecked>
  <DecompileDebugInfoFilesIsChecked>false</DecompileDebugInfoFilesIsChecked>
  <DecompileStricterFormatIsChecked>false</DecompileStricterFormatIsChecked>
  <DecompileRemovePathFromSmdMaterialFileNamesIsChecked>true</DecompileRemovePathFromSmdMaterialFileNamesIsChecked>
  <DecompileUseUvsForDoomMusicCompilerIsChecked>false</DecompileUseUvsForDoomMusicCompilerIsChecked>
  <DecompileOverrideMdlVersion>DoNotOverride</DecompileOverrideMdlVersion>
  <DecompileMode>File</DecompileMode>
  <CompileGameSetupSelectedIndex>0</CompileGameSetupSelectedIndex>
  <CompileQcPathFileName />
  <CompileOutputFolderOption>GameModelsFolder</CompileOutputFolderOption>
  <CompileOutputSubfolderName>compiled 0.58</CompileOutputSubfolderName>
  <CompileOutputFullPath>C:\Users\david_000\OneDrive\Documents\Salon</CompileOutputFullPath>
  <CompileGoldSourceLogFileIsChecked>false</CompileGoldSourceLogFileIsChecked>
  <CompileSourceLogFileIsChecked>false</CompileSourceLogFileIsChecked>
  <CompileOptionDefineBonesIsChecked>false</CompileOptionDefineBonesIsChecked>
  <CompileOptionDefineBonesCreateFileIsChecked>false</CompileOptionDefineBonesCreateFileIsChecked>
  <CompileOptionDefineBonesQciFileName>DefineBones</CompileOptionDefineBonesQciFileName>
  <CompileOptionDefineBonesModifyQcFileIsChecked>false</CompileOptionDefineBonesModifyQcFileIsChecked>
  <CompileOptionNoP4IsChecked>true</CompileOptionNoP4IsChecked>
  <CompileOptionVerboseIsChecked>true</CompileOptionVerboseIsChecked>
  <CompileMode>File</CompileMode>
  <PatchMdlPathFileName />
  <PatchMode>File</PatchMode>
  <ViewMdlPathFileName />
  <ViewGameSetupSelectedIndex>0</ViewGameSetupSelectedIndex>
  <OptionsAutoOpenVpkFileIsChecked>true</OptionsAutoOpenVpkFileIsChecked>
  <OptionsAutoOpenGmaFileIsChecked>true</OptionsAutoOpenGmaFileIsChecked>
  <OptionsAutoOpenFpxFileIsChecked>true</OptionsAutoOpenFpxFileIsChecked>
  <OptionsAutoOpenMdlFileIsChecked>true</OptionsAutoOpenMdlFileIsChecked>
  <OptionsAutoOpenMdlFileForPreviewIsChecked>true</OptionsAutoOpenMdlFileForPreviewIsChecked>
  <OptionsAutoOpenMdlFileForDecompileIsChecked>true</OptionsAutoOpenMdlFileForDecompileIsChecked>
  <OptionsAutoOpenMdlFileForViewIsChecked>true</OptionsAutoOpenMdlFileForViewIsChecked>
  <OptionsAutoOpenMdlFileOption>Decompile</OptionsAutoOpenMdlFileOption>
  <OptionsAutoOpenQcFileIsChecked>true</OptionsAutoOpenQcFileIsChecked>
  <OptionsAutoOpenFolderOption>Decompile</OptionsAutoOpenFolderOption>
  <OptionsDragAndDropMdlFileForPreviewIsChecked>true</OptionsDragAndDropMdlFileForPreviewIsChecked>
  <OptionsDragAndDropMdlFileForDecompileIsChecked>true</OptionsDragAndDropMdlFileForDecompileIsChecked>
  <OptionsDragAndDropMdlFileForViewIsChecked>true</OptionsDragAndDropMdlFileForViewIsChecked>
  <OptionsDragAndDropMdlFileOption>Decompile</OptionsDragAndDropMdlFileOption>
  <OptionsDragAndDropFolderOption>Decompile</OptionsDragAndDropFolderOption>
  <OptionsContextMenuIntegrateMenuItemsIsChecked>true</OptionsContextMenuIntegrateMenuItemsIsChecked>
  <OptionsContextMenuIntegrateSubMenuIsChecked>true</OptionsContextMenuIntegrateSubMenuIsChecked>
  <OptionsOpenWithCrowbarIsChecked>true</OptionsOpenWithCrowbarIsChecked>
  <OptionsViewMdlFileIsChecked>true</OptionsViewMdlFileIsChecked>
  <OptionsDecompileMdlFileIsChecked>true</OptionsDecompileMdlFileIsChecked>
  <OptionsDecompileFolderIsChecked>true</OptionsDecompileFolderIsChecked>
  <OptionsDecompileFolderAndSubfoldersIsChecked>true</OptionsDecompileFolderAndSubfoldersIsChecked>
  <OptionsCompileQcFileIsChecked>true</OptionsCompileQcFileIsChecked>
  <OptionsCompileFolderIsChecked>true</OptionsCompileFolderIsChecked>
  <OptionsCompileFolderAndSubfoldersIsChecked>true</OptionsCompileFolderAndSubfoldersIsChecked>
</AppSettings>